id,nombre,correo,telefono
1,JUAN PEREZ GARCIA,juan@hotmail.com,4921301447
2,MANUEL ALBERTO MARTINEZ SANCHEZ,manuel@hotmail.com,4923567884
3,JESUS DE LA CUEVA RODARTE,jesus@hotmail.com,4921345678
4,JOSE LUIS MONTEZ QUIÑONES,jose luis@hotmail.com,4748456789
5,GILBERTO ESPARZA TORRES,gilberto@hotmail.com,4935405678
6,ARACELI ORTIZ PINEDO,chelis@live.com.mx,4935495778
7,BERNARDO FUENTES CORREA,berna@gmail.com,4445666732
8,ANDRES PEREZ LOPEZ,ameza@yahoo.com,4445564732
9,LUZ ELENA GONZALES MARES,luci@zac.gob.mx,4445564736
10,MA. REFUGIO TINAJERO SANCHEZ,maref@hotmail.com,4935405578
11,JUANITA DE LA ROSA SANDATE,juanis@gmail.com,4748455789
